,Dead,Survived
0,35.18367916666667,27.666994736842106
10,22.45409836065574,47.53374390243902
20,19.86002027972028,41.05692597402597
30,17.778543617021278,69.47705479452054
40,24.57984727272727,59.71508235294118
50,31.87559642857143,70.414165
60,45.11442307692308,55.41596666666667
70,30.197233333333333,0.0
80,0.0,30.0
